doi_int,avg_versions
1,1.6543167955930245
0,1.545516439982491
